name,hex_rgb
White,#FFFFFF
Ivory,#FFFFF0
Light yellow,#FFFFE0
Lemon yellow (Crayola),#FFFF9F
Canary,#FFFF99
Laser lemon,#FFFF66
Yellow,#FFFF00
Cream,#FFFDD0
Snow,#FFFAFA
Floral white,#FFFAF0
Lemon chiffon,#FFFACD
Cosmic latte,#FFF8E7
Cornsilk,#FFF8DC
Lemon,#FFF700
Cadmium yellow,#FFF600
Seashell,#FFF5EE
Lemon yellow,#FFF44F
Lavender blush,#FFF0F5
Papaya whip,#FFEFD5
Canary yellow,#FFEF00
Blanched almond,#FFEBCD
Middle yellow,#FFEB00
Peach,#FFE5B4
Misty rose,#FFE4E1
Bisque,#FFE4C4
Golden yellow,#FFDF00
Navajo white,#FFDEAD
Pink lace,#FFDDF4
Unbleached silk,#FFDDCA
Mustard,#FFDB58
Sizzling Sunrise,#FFDB00
Mimi pink,#FFDAE9
Peach puff,#FFDAB9
School bus yellow,#FFD800
Gold (web) (Golden),#FFD700
Cyber yellow,#FFD300
Sunglow,#FFCC33
Peach (Crayola),#FFCBA4
Buff,#FFC680
Mikado yellow,#FFC40C
Pink,#FFC0CB
Amber,#FFBF00
Macaroni and Cheese,#FFBD88
Cotton candy,#FFBCD9
Selective yellow,#FFBA00
Cherry blossom pink,#FFB7C5
Light pink,#FFB6C1
Chinese yellow,#FFB200
Yellow Orange,#FFAE42
Bright yellow (Crayola),#FFAA1D
Chrome yellow,#FFA700
Carnation pink,#FFA6C9
Orange (web),#FFA500
Neon Carrot,#FFA343
Vivid tangerine,#FFA089
Light salmon,#FFA07A
Orange peel,#FF9F00
Atomic tangerine,#FF9966
Deep saffron,#FF9933
Yellow Orange (Color Wheel),#FF9505
Strawberry Blonde,#FF9361
Baker-Miller pink,#FF91AF
Salmon pink,#FF91A4
Dark orange,#FF8C00
Mango Tango,#FF8243
Coral,#FF7F50
Orange,#FF7F00
Amber (SAE/ECE),#FF7E00
Heat Wave,#FF7A00
Safety orange,#FF7800
Orange (Crayola),#FF7538
Pumpkin,#FF7518
Shocking pink (Crayola),#FF6FFF
Outrageous Orange,#FF6E4A
Hot pink,#FF69B4
Orange-red,#FF681F
Safety orange (blaze orange),#FF6700
Rose pink,#FF66CC
Tomato,#FF6347
Portland Orange,#FF5A36
Orange (Pantone),#FF5800
Brilliant rose,#FF55A3
Fiery rose,#FF5470
Orange-red (Crayola),#FF5349
International orange (aerospace),#FF4F00
Infrared,#FF496C
Red-orange (Color wheel),#FF4500
Wild Strawberry,#FF43A4
Sizzling Red,#FF3855
Coquelicot,#FF3800
Radical Red,#FF355E
Razzle dazzle rose,#FF33CC
Scarlet,#FF2400
Hot magenta,#FF1DCE
Deep pink,#FF1493
Candy apple red,#FF0800
Fuchsia,#FF00FF
Magenta (process),#FF0090
Rose,#FF007F
Winter Sky,#FF007C
Red,#FF0000
Baby powder,#FEFEFA
Yellow (RYB),#FEFE33
Yellow (Pantone),#FEDF00
Light orange,#FED8B1
Melon,#FEBAAD
Bittersweet,#FE6F5E
Purple pizzazz,#FE4EDA
Neon fuchsia,#FE4164
Persian rose,#FE28A2
Red (RYB),#FE2712
Lemon glacier,#FDFF00
Old lace,#FDF5E6
Aureolin,#FDEE00
Piggy pink,#FDDDE6
Mango,#FDBE02
French pink,#FD6C9E
French fuchsia,#FD3F92
Red Salsa,#FD3A4A
Icterine,#FCF75E
Yellow (Crayola),#FCE883
Golden poppy,#FCC200
Tickle Me Pink,#FC89AC
Pink flamingo,#FC74FD
Ultra red,#FC6C85
Shocking pink,#FC0FC0
Corn,#FBEC5D
Apricot,#FBCEB1
Rajah,#FBAB60
Brink pink,#FB607F
Tart Orange,#FB4D46
Light goldenrod yellow,#FAFAD2
Maximum yellow,#FAFA37
Linen,#FAF0E6
Blond,#FAF0BE
Antique white,#FAEBD7
Banana Mania,#FAE7B5
Pale purple (Pantone),#FAE6FA
Pale pink,#FADADD
Naples yellow,#FADA5E
Deep champagne,#FAD6A5
Salmon,#FA8072
Orange soda,#FA5B3D
Strawberry,#FA5053
Rose bonbon,#F9429E
Ghost white,#F8F8FF
Jasmine,#F8DE7E
Orange-yellow (Crayola),#F8D568
Mellow apricot,#F8B878
Congo pink,#F88379
Champagne,#F7E7CE
Spanish pink,#F7BFBE
Pink Sherbet,#F78FA7
Persian pink,#F77FBE
Violet-red,#F75394
Lemon meringue,#F6EABE
Nadeshiko pink,#F6ADC6
Magenta (Crayola),#F653A6
French rose,#F64A8A
Mint cream,#F5FFFA
Cultured,#F5F5F5
Beige,#F5F5DC
Minion yellow,#F5E050
Wheat,#F5DEB3
Orange-yellow,#F5BD1F
Princeton orange,#F58025
Cyclamen,#F56FA1
Isabelline,#F4F0EC
Jonquil,#F4CA16
Saffron,#F4C430
Baby pink,#F4C2C2
Sandy brown,#F4A460
Fashion fuchsia,#F400A1
Medium champagne,#F3E5AB
Vanilla ice,#F38FA9
Mandarin,#F37A48
Magnolia,#F2E8D7
Maize (Crayola),#F2C649
Orchid pink,#F2BDCD
Maximum yellow red,#F2BA49
Tangerine,#F28500
Red (Munsell),#F2003C
Parchment,#F1E9D2
Champagne pink,#F1DDCF
Xanthous,#F1B42F
Amaranth pink,#F19CBB
Azure (X11/web color),#F0FFFF
Honeydew,#F0FFF0
Alice blue,#F0F8FF
Eggshell,#F0EAD6
Green-yellow (Crayola),#F0E891
Khaki (X11) (Light khaki),#F0E68C
Light coral,#F08080
Dutch white,#EFDFBB
Almond,#EFDECD
Yellow (Munsell),#EFCC00
Cameo pink,#EFBBCC
Mauvelous,#EF98AA
Xanthic,#EEED09
Titanium yellow,#EEE600
Flax,#EEDC82
Safety yellow,#EED202
Violet (web),#EE82EE
Red (Crayola),#EE204D
Alabaster,#EDEAE0
Desert sand,#EDC9AF
Carrot orange,#ED9121
Cadmium orange,#ED872D
Pale Dogwood,#ED7A9B
Imperial red,#ED2939
Red (pigment),#ED1C24
Pale spring bud,#ECEBBD
Middle yellow red,#ECB176
Persimmon,#EC5800
Marigold,#EAA221
Nyanza,#E9FFDB
Arylide yellow,#E9D66B
Dark salmon,#E9967A
Burnt sienna,#E97451
Fire opal,#E95C4B
Frostbite,#E936A7
Key lime,#E8F48C
Queen pink,#E8CCD7
Spanish orange,#E86100
Kobi,#E79FC4
Lavender (web),#E6E6FA
Gold (Crayola),#E6BE8A
Charm pink,#E68FAC
Paradise pink,#E63E62
Spanish red,#E60026
Platinum,#E5E4E2
Fawn,#E5AA70
Middle red,#E58E73
Amaranth,#E52B50
Straw,#E4D96F
Citrine,#E4D00A
Gamboge,#E49B0F
Fulvous,#E48400
Candy pink,#E4717A
Mexican pink,#E4007C
Red-purple,#E40078
Mindaro,#E3F988
Bone,#E3DAC9
Sunray,#E3AB57
Indian yellow,#E3A857
Cinnabar,#E34234
Rose madder,#E32636
Razzmatazz,#E3256B
Raspberry,#E30B5D
Cadmium red,#E30022
Orchid (Crayola),#E29CD2
Terra cotta,#E2725B
Flame,#E25822
Chili red,#E23D28
Medium candy apple red,#E2062C
Earth yellow,#E1A95F
Permanent Geranium Lake,#E12C2C
Light cyan,#E0FFFF
Mauve,#E0B0FF
CG red,#E03C31
Ruby,#E0115F
Chartreuse (traditional),#DFFF00
Heliotrope,#DF73FF
Phlox,#DF00FF
Burlywood,#DEB887
Tumbleweed,#DEAA88
Pastel pink,#DEA5A4
China pink,#DE6FA1
Blush,#DE5D83
Fandango pink,#DE5285
Cerise,#DE3163
Plum (web),#DDA0DD
Gainsboro,#DCDCDC
Crimson,#DC143C
Timberwolf,#DBD7D2
Goldenrod,#DAA520
Harvest gold,#DA9100
Copper (Crayola),#DA8A67
Orchid,#DA70D6
Deep cerise,#DA3287
Rusty red,#DA2C43
Barbie Pink,#DA1884
Maximum green yellow,#D9E650
Tan (Crayola),#D99A6C
Persian orange,#D99058
Shimmering Blush,#D98695
Middle purple,#D982B5
Vermilion,#D9381E
Maximum red,#D92121
UA red,#D9004C
Thistle,#D8BFD8
Pink lavender,#D8B2D1
Bright lilac,#D891EF
New York pink,#D7837F
Pink (Pantone),#D74894
Dogwood rose,#D71868
Carmine (M&P),#D70040
Languid lavender,#D6CADD
Raw sienna,#D68A59
Mystic,#D65282
Gold (metallic),#D4AF37
French mauve,#D473D4
Wild orchid,#D470A2
Syracuse Orange,#D44500
Rosso corsa,#D40000
Light gray,#D3D3D3
Metallic gold,#D3AF37
Amaranth red,#D3212D
Tan,#D2B48C
Chocolate (web),#D2691E
Pear,#D1E231
Rubine red,#D10056
Spanish carmine,#D10047
Arctic lime,#D0FF14
Tea green,#D0F0C0
Magenta (Pantone),#D0417E
Old gold,#CFB53B
Sky magenta,#CF71AF
Super pink,#CF6BA9
Telemagenta,#CF3476
Lava,#CF1020
Volt,#CEFF00
Ruber,#CE4676
Fire engine red,#CE2029
Antique brass,#CD9575
Bronze,#CD7F32
Cinnamon Satin,#CD607E
Indian red,#CD5C5C
Tenné (tawny),#CD5700
Electric lime,#CCFF00
Lavender blue,#CCCCFF
Lemon curry,#CCA01D
Puce,#CC8899
Ochre,#CC7722
Burnt orange,#CC5500
English vermillion,#CC474B
Fuchsia purple,#CC397B
Steel pink,#CC33CC
Madder Lake,#CC3336
Persian red,#CC3333
Satin sheen gold,#CBA135
Copper red,#CB6D51
Brick red,#CB4154
Sinopia,#CB410B
Bitter lemon,#CAE00D
Magenta (dye),#CA1F7B
Pale silver,#C9C0BB
Wisteria,#C9A0DC
Cedar Chest,#C95A49
Light French beige,#C8AD7F
Lilac,#C8A2C8
Mulberry (Crayola),#C8509B
Smitten,#C84186
Venetian red,#C80815
Fuchsia rose,#C74375
French raspberry,#C72C48
Medium violet-red,#C71585
Yellow-green (Crayola),#C5E384
Light periwinkle,#C5CBE1
Vegas gold,#C5B358
Mulberry,#C54B8C
Lavender gray,#C4C3D0
Silver pink,#C4AEAD
Alloy orange,#C46210
Cardinal,#C41E3A
Red (NCS),#C40233
Periwinkle (Crayola),#C3CDE6
Khaki (web),#C3B091
Bright maroon,#C32148
Pictorial carmine,#C30B4E
Ecru,#C2B280
Rose red,#C21E56
Camel,#C19A6B
Fuchsia (Crayola),#C154C1
Aero blue,#C0E8D5
Silver,#C0C0C0
Tuscany,#C09999
Old rose,#C08081
Red-violet (Crayola),#C0448F
Mahogany,#C04000
International orange (Golden Gate Bridge),#C0362C
Bitter lime,#BFFF00
Silver sand,#BFC1C2
Black Shadows,#BFAFB2
Bittersweet shimmer,#BF4F51
Electric purple,#BF00FF
Gray (X11 gray),#BEBEBE
Popstar,#BE4F62
June bud,#BDDA57
Dark khaki,#BDB76B
Byzantine,#BD33A4
Beau blue,#BCD4E6
Sage,#BCB88A
Rosy brown,#BC8F8F
Misty moss,#BBB477
Medium orchid,#BA55D3
International orange (engineering),#BA160C
Columbia Blue,#B9D9EB
Deep chestnut,#B94E48
Dark goldenrod,#B8860B
Copper,#B87333
Liver (dogs),#B86D29
Opera mauve,#B784A7
Pearly purple,#B768A2
Rust,#B7410E
Olive green,#B5B35C
Lavender (floral),#B57EDC
Fandango,#B53389
English lavender,#B48395
Irresistible,#B3446C
Carnelian,#B31B1B
Celeste,#B2FFFF
Inchworm,#B2EC5D
Ash gray,#B2BEB5
African violet,#B284BE
Firebrick,#B22222
Powder blue,#B0E0E6
Light steel blue,#B0C4DE
Acid green,#B0BF1A
Maroon (X11),#B03060
Uranian blue,#AFDBF5
Brown sugar,#AF6E4D
Medium carmine,#AF4035
Lilac Luster,#AE98AA
Upsdell red,#AE2029
Green-yellow,#ADFF2F
Light blue,#ADD8E6
Copper penny,#AD6F69
Mystic maroon,#AD4379
Blizzard blue,#ACE5EE
Celadon,#ACE1AF
Middle green yellow,#ACBF60
Maximum blue purple,#ACACE6
Silver chalice,#ACACAC
Glossy grape,#AB92B3
Rose vale,#AB4E52
English red,#AB4B52
Amaranth purple,#AB274F
Magic mint,#AAF0D1
Silver (Metallic),#AAA9AD
Heliotrope gray,#AA98A9
Chinese red,#AA381E
Laurel green,#A9BA9D
Cadet blue (Crayola),#A9B2C3
Grullo,#A99A86
Rojo Spanish red,#A91101
Granny Smith apple,#A8E4A0
Opal,#A8C3BC
China rose,#A8516E
Sweet Brown,#A83731
Rufous,#A81C07
Spring bud,#A7FC00
Green Lizard,#A7F432
Crystal,#A7D8DE
Windsor tan,#A75502
Quick Silver,#A6A6A6
Café au lait,#A67B5B
Maximum red purple,#A63A79
Gold,#A57C00
Blast-off bronze,#A57164
Middle red purple,#A55353
Auburn,#A52A2A
Jazzberry jam,#A50B5E
University of Pennsylvania red,#A50021
Non-photo blue,#A4DDED
Redwood,#A45A52
Cambridge blue,#A3C1AD
Wild blue yonder,#A2ADD0
Blue bell,#A2A2D0
Flirt,#A2006D
Baby blue eyes,#A1CAF1
Burnished brown,#A17A74
Turquoise green,#A0D6B4
Purple (X11),#A020F0
Citron,#9FA91F
Beaver,#9F8170
Magenta haze,#9F4576
Amaranth (M&P),#9F2B68
Vivid burgundy,#9F1D35
Vivid violet,#9F00FF
Purple (Munsell),#9F00C5
French lime,#9EFD38
Rose Dust,#9E5E6F
Crimson (UA),#9E1B32
Japanese carmine,#9D2933
Metallic Sunburst,#9C7C38
Purple Plum,#9C51B6
Big dip o’ruby,#9C2542
Pale cerulean,#9BC4E2
Ruby red,#9B111E
Yellow-green,#9ACD32
Olivine,#9AB973
Purpureus,#9A4EAE
Mountbatten pink,#997A8D
Amethyst,#9966CC
Copper rose,#996666
Golden brown,#996515
Dark orchid,#9932CC
Mint green,#98FF98
Spanish gray,#989898
Cinereous,#98817B
Liver chestnut,#987456
Manatee,#979AAA
Eton blue,#96C8A2
Purple mountain majesty,#9678B6
Bistre brown,#967117
Violet (crayola),#963D7F
Carmine,#960018
Chestnut,#954535
Dark violet,#9400D3
Light cornflower blue,#93CCEA
Pistachio,#93C572
Medium purple,#9370DB
Red-violet (Color wheel),#922B3E
Cadet grey,#91A3B0
Mauve taupe,#915F6D
Antique fuchsia,#915C83
Sugar Plum,#914E75
Light green,#90EE90
Rose taupe,#905D5D
Sheen green,#8FD400
Dark sea green,#8FBC8F
Artichoke,#8F9779
Electric violet,#8F00FF
Plum,#8E4585
Quinacridone magenta,#8E3A59
Middle blue green,#8DD9CC
Apple green,#8DB600
Morning blue,#8DA399
Razzmic Berry,#8D4E85
Dark sky blue,#8CBED6
Cool grey,#8C92AC
Pewter Blue,#8BA8B7
Middle grey,#8B8680
Taupe gray,#8B8589
Middle blue purple,#8B72BE
Saddle brown,#8B4513
Dark magenta,#8B008B
Dark red,#8B0000
Moss green,#8A9A5B
Rocket metallic,#8A7F80
Shadow,#8A795D
Twilight lavender,#8A496B
Burnt umber,#8A3324
Blue-violet,#8A2BE2
Baby blue,#89CFF0
Cordovan,#893F45
Solid pink,#893843
Brown,#88540B
Kobe,#882D17
French violet,#8806CE
Mardi Gras,#880085
Spring Frost,#87FF2A
Light sky blue,#87CEFA
Sky blue,#87CEEB
Asparagus,#87A96B
Fuzzy Wuzzy,#87421F
Brandy,#87413F
French lilac,#86608E
Violet (RYB),#8601AF
Gold Fusion,#85754E
French bistre,#856D4D
Chinese violet,#856088
Battleship grey,#848482
Antique ruby,#841B2D
OU Crimson red,#841617
Roman silver,#838996
Raw umber,#826644
Coyote brown,#81613C
Gray (web),#808080
Olive,#808000
Spanish bistre,#807532
Russet,#80461B
Falu red,#801818
Patriarch,#800080
Burgundy,#800020
Maroon (web),#800000
Aquamarine,#7FFFD4
Chartreuse (web),#7FFF00
Claret,#7F1734
Violet (color wheel),#7F00FF
Middle blue,#7ED4E6
Deep taupe,#7E5E60
Electric blue,#7DF9FF
Lawn green,#7CFC00
Aero,#7CB9E8
Tuscan red,#7C4848
Barn red,#7C0A02
Bud green,#7BB661
Medium slate blue,#7B68EE
Chocolate (traditional),#7B3F00
UP maroon,#7B1113
Old lavender,#796878
Bole,#79443B
Royal purple,#7851A9
Pansy purple,#78184A
French sky blue,#77B5FE
Shadow blue,#778BA5
Light slate gray,#778899
Rhythm,#777696
Sky blue (Crayola),#76D7EA
Violet-blue (Crayola),#766EC8
Sonic silver,#757575
Mantis,#74C365
Maya blue,#73C2FB
Xanadu,#738678
Blue-violet (Crayola),#7366BD
Maximum purple,#733380
Air superiority blue,#72A0C1
Nickel,#727472
Wine,#722F37
Iceberg,#71A6D2
Slate gray,#708090
Sepia,#704214
Catawba,#703642
Byzantium,#702963
Midnight,#702670
Persian plum,#701C1C
Coffee,#6F4E37
Electric indigo,#6F00FF
Green Sheen,#6EAEA1
Cerulean frost,#6D9BC3
Little boy blue,#6CA0DC
Field drab,#6C541E
Eminence,#6C3082
Liver (organ),#6C2E1F
Olive Drab (#3),#6B8E23
Kobicha,#6B4423
Slate blue,#6A5ACD
Purple,#6A0DAD
Dim gray,#696969
Palatinate purple,#682860
Russian green,#679267
Granite gray,#676767
Liver,#674C47
Rose ebony,#674846
Old mauve,#673147
Screamin' Green,#66FF66
Bright green,#66FF00
Medium aquamarine,#66DDAA
Green (RYB),#66B032
Blue-gray,#6699CC
Dark blue-gray,#666699
Antique bronze,#665D1E
Van Dyke brown,#664228
Rebecca Purple,#663399
Tyrian purple,#66023C
Blood red,#660000
Dark brown,#654321
Rosewood,#65000B
Cornflower blue,#6495ED
Pullman Brown (UPS Brown),#644117
Umber,#635147
Eggplant,#614051
Glaucous,#6082B6
Majorelle blue,#6050DC
Shiny Shamrock,#5FA778
Forest green (Crayola),#5FA777
Cadet blue,#5F9EA0
Steel Teal,#5F8A8B
Maximum green,#5E8C31
Blue jeans,#5DADEC
Polished Pine,#5DA493
Dark byzantium,#5D3954
United Nations blue,#5B92E5
Japanese violet,#5B3256
Iris,#5A4FCF
Plump Purple,#5946B2
Caput mortuum,#592720
Seal brown,#59260B
Cyber grape,#58427C
Chocolate Cosmos,#58111A
Carolina blue,#56A0D3
Wintergreen Dream,#56887D
Avocado,#568203
English violet,#563C5C
Dark olive green,#556B2F
Ebony,#555D50
Davy's grey,#555555
Black coral,#54626F
Liberty,#545AA7
Dark liver (horses),#543D37
Dark electric blue,#536878
Cadet,#536872
Dark liver,#534B4F
Han purple,#5218FA
KSU purple,#512888
Emerald,#50C878
Sap green,#507D2A
Blue yonder,#5072A7
Fern green,#4F7942
Ocean Blue,#4F42B5
Purple navy,#4E5180
Middle green,#4D8C57
Feldgrau,#4D5D53
Blue-violet (color wheel),#4D1A7F
Kelly green,#4CBB17
May green,#4C9141
Independence,#4C516D
Spanish violet,#4C2882
Army green,#4B5320
Café noir,#4B3621
Indigo,#4B0082
Deep Space Sparkle,#4A646C
Dark moss green,#4A5D23
Oxblood,#4A0000
Hooker's green,#49796B
Medium turquoise,#48D1CC
Ocean green,#48BF91
Dark slate blue,#483D8B
Dark lava,#483C32
Maximum blue,#47ABCC
Steel blue,#4682B4
Neon blue,#4666FF
Han blue,#446CCF
Rifle green,#444C38
Verdigris,#43B3AE
Queen blue,#436B95
Old burgundy,#43302E
Royal blue (light),#4169E1
Ultramarine blue,#4166F5
Turquoise,#40E0D0
Viridian,#40826D
Harlequin,#3FFF00
Ultramarine,#3F00FF
Mint,#3EB489
Tufts blue,#3E8EDE
Android green,#3DDC84
Bistre,#3D2B1F
Black bean,#3D0C02
Medium sea green,#3CB371
Bluetiful,#3C69E7
Olive Drab #7,#3C341F
Dark sienna,#3C1414
Amazon,#3B7A57
Black olive,#3B3C36
Black coffee,#3B2F2F
Keppel,#3AB09E
Neon green,#39FF14
Zomp,#39A78E
Teal blue,#367588
Ming,#36747D
Charcoal,#36454F
Hunter green,#355E3B
Kombu green,#354230
Onyx,#353839
Jet,#343434
Blue (pigment),#333399
Lime green,#32CD32
Violet-blue,#324AB2
Russian violet,#32174D
Persian indigo,#32127A
Illuminating emerald,#319177
Bleu de France,#318CE7
Myrtle green,#317873
Maximum blue green,#30BFBF
Mountain Meadow,#30BA8F
Yellow-green (Color Wheel),#30B21A
Dark purple,#301934
Celadon green,#2F847C
Dark slate gray,#2F4F4F
Sea green,#2E8B57
B'dazzled blue,#2E5894
YInMn Blue,#2E5090
Cosmic cobalt,#2E2D88
Picotee blue,#2E2787
True Blue,#2D68C4
Outer space (Crayola),#2D383A
Cerulean blue,#2A52BE
Gunmetal,#2a3439
Pine tree,#2A2F23
Jungle green,#29AB87
Slimy green,#299617
Green-blue (Crayola),#2887C8
Lapis lazuli,#26619C
Dark cornflower blue,#26428B
Celtic blue,#246BCE
Raisin black,#242124
Charleston green,#232B2B
St. Patrick's blue,#23297A
Forest green (web),#228B22
Denim blue,#2243B6
Light sea green,#20B2AA
Blue (Crayola),#1F75FE
Dodger blue,#1E90FF
Cerulean (Crayola),#1DACD6
Space cadet,#1D2951
Green (Crayola),#1CAC78
Pacific blue,#1CA9C9
Persian blue,#1C39BB
Trypan Blue,#1C05B3
Brunswick green,#1B4D3E
Eerie black,#1B1B1B
Black chocolate,#1B1811
Dark jungle green,#1A2421
Bright navy blue,#1974D2
Lincoln green,#195905
Midnight blue,#191970
Weezy Blue,#189BCC
MSU green,#18453B
Dark spring green,#177245
Eigengrau,#16161D
Fluorescent blue,#15F4EE
Denim,#1560BD
India green,#138808
International Klein Blue,#130a8f
Blue sapphire,#126180
Phthalo green,#123524
Green-blue,#1164B4
Egyptian blue,#1034A6
Smoky black,#100C08
Sapphire,#0F52BA
Blue-green,#0D98BA
Malachite,#0BDA51
Tiffany Blue,#0ABAB5
Metallic Seaweed,#0A7E8C
Blue-green (color wheel),#064E40
Sacramento State green,#043927
Dark pastel green,#03C03C
Blue (RYB),#0247FE
Pine green,#01796F
Forest green (traditional),#014421
Dark green,#013220
Rich black (FOGRA29),#010B13
Rich black (FOGRA39),#010203
Aqua,#00FFFF
Turquoise blue,#00FFEF
Sea green (Crayola),#00FFCD
Spring green,#00FF7F
Erin,#00FF40
Electric green,#00FF00
Medium spring green,#00FA9A
Dark turquoise,#00CED1
Vivid sky blue,#00CCFF
Robin egg blue,#00CCCC
Caribbean green,#00CC99
Capri,#00BFFF
Cyan (process),#00B7EB
Green (Pantone),#00AD43
GO green,#00AB66
Green (Munsell),#00A877
Jade,#00A86B
Persian green,#00A693
Green (pigment),#00A550
Green (NCS),#009F6B
Shamrock green,#009E60
Paolo Veronese green,#009B7D
Green-cyan,#009966
Viridian green,#009698
Blue (Munsell),#0093AF
Spanish green,#009150
Dark cyan,#008B8B
Blue (NCS),#0087BD
Teal,#008080
Ao (English),#008000
Azure,#007FFF
Generic viridian,#007F66
Spanish viridian,#007F5C
Star command blue,#007BB8
Celadon blue,#007BA7
CG blue,#007AA5
Tropical rainforest,#00755E
Skobeloff,#007474
French blue,#0072BB
Spanish blue,#0070B8
Dartmouth green,#00703C
Honolulu blue,#006DB0
Cadmium green,#006B3C
Bottle green,#006A4E
Sapphire blue,#0067A5
Pakistan green,#006600
Dark green (X11),#006400
Gotham green,#00573F
Castleton green,#00563F
USAFA blue,#004F98
Deep jungle green,#004B49
Midnight green (eagle green),#004953
Absolute Zero,#0048BA
Cobalt blue,#0047AB
Warm black,#004242
British racing green,#004225
Indigo dye,#00416A
Rich black,#004040
Yale Blue,#00356B
UA blue,#0033AA
Prussian blue,#003153
Resolution blue,#002387
Royal blue (dark),#002366
Oxford blue,#002147
Blue (Pantone),#0018A8
Zaffre,#0014A8
Phthalo blue,#000F89
Blue,#0000FF
Medium blue,#0000CD
Duke blue,#00009C
Navy blue,#000080
Black,#000000